{"count":1,"self":11429.158911999999,"total":57897.398302999994,"children":{"InitializeActuators":{"count":16,"self":0.0048968,"total":0.0048968,"children":null},"InitializeSensors":{"count":16,"self":0.0039077999999999995,"total":0.0039077999999999995,"children":null},"AgentSendState":{"count":5606127,"self":225.5830016,"total":3155.0068054,"children":{"CollectObservations":{"count":17939616,"self":2025.330688,"total":2025.3305977999999,"children":null},"WriteActionMask":{"count":17939616,"self":40.8477888,"total":40.847789999999996,"children":null},"RequestDecision":{"count":17939616,"self":140.2878208,"total":863.2454104,"children":{"AgentInfo.ToProto":{"count":17939616,"self":143.6086784,"total":722.9575869,"children":{"GenerateSensorData":{"count":17939616,"self":579.3488896,"total":579.3489121,"children":null}}}}}}},"DecideAction":{"count":5606127,"self":41071.542272,"total":41071.5436687,"children":null},"AgentAct":{"count":5606127,"self":2229.1853312,"total":2229.4234859,"children":{"AgentInfo.ToProto":{"count":5039,"self":0.066824899999999993,"total":0.23815979999999998,"children":{"GenerateSensorData":{"count":5039,"self":0.17133489999999998,"total":0.17133489999999998,"children":null}}}}},"AgentInfo.ToProto":{"count":222273,"self":3.3599867999999997,"total":12.252100599999999,"children":{"GenerateSensorData":{"count":222273,"self":8.8921136,"total":8.8921137,"children":null}}}},"gauges":{"Walker.CumulativeReward":{"count":227312,"max":4352.88574,"min":-2,"runningAverage":158.381439,"value":702.040649,"weightedAverage":892.0796}},"metadata":{"timer_format_version":"0.1.0","start_time_seconds":"1682352936","unity_version":"2021.3.16f1","command_line_arguments":"F:\\Program Files\\Unity 2021.3.16f1\\Editor\\Unity.exe -projectpath C:\\Users\\Parsa\\Documents\\Unity\\WalkToGoal -useHub -hubIPC -cloudEnvironment production -licensingIpc LicenseClient-Parsa -hubSessionId d20580f0-dae7-11ed-9bc3-2f5f2be1a8e2 -accessToken M_h83BOPLYkVbYTF9x-A1o0NgzBfjpzvPHJ-p7dplB4002f","communication_protocol_version":"1.5.0","com.unity.ml-agents_version":"2.0.1","scene_name":"Walker","end_time_seconds":"1682410833"}}